domain,country,kind,name,verdict,platform_key,richness,products,crawl_delay,category_url,feed,scope
coffeein.sk,SK,roaster,COFFEEIN,allowed,custom,high,"117 (label ""Čerstvo pražená zrnková káva (117 produktov)"")",none,https://www.coffeein.sk/kategoria/2/cerstvo-prazena-zrnkova-kava/1/,"https://www.coffeein.sk/sitemap.xml (plain <urlset>, includes /detail/ product URLs; not declared in robots.txt)",primary
zlatezrnko.sk,SK,roaster,Zlaté Zrnko,allowed,woocommerce,medium,"109 (""Zobrazených 1–24 z 109 výsledkov""; subcategory labels 79/81/11/12 produktov)",none,https://zlatezrnko.sk/kategoria/kava/,"https://zlatezrnko.sk/sitemap_index.xml (Yoast-style index, declared in robots; product sitemap inside it) — not fetched",primary
ebenica.sk,SK,roaster,Ebenica Coffee,partially_restricted,woocommerce,high,"27 (""Zobrazených 1–12 z 27 výsledkov"")",none,https://ebenica.sk/kava/,https://ebenica.sk/sitemaps.xml (declared in robots) — not fetched,primary
goriffee.com,SK,roaster,Goriffee Roastery,allowed,woocommerce,high,"43 overall (""Zobrazené produkty: 1 - 30 (celkom 43)""), coffee subsets shown as 9-product groups",none,https://www.goriffee.com/produkty/,https://www.goriffee.com/sitemap_index.xml (declared in robots) — not fetched,primary
gpkava.sk,SK,roaster,Green Plantation,partially_restricted,upgates,low,"~45-50 in Čerstvá káva (12 products per page, pagination to at least page 4); subcategories zrnkova-kava-na-espresso / na-filter / kavove-zmesi / zelena-kava",none,https://www.gpkava.sk/cerstva-kava,"none found beyond https://www.gpkava.sk/sitemap.xml (declared in robots; not fetched). Upgates shops typically expose XML feeds but none was advertised, and no brute-forcing was done.",primary
kafe.sk,SK,roaster,Barzzuz,allowed,custom,low,"15 shown per page (data-per-page=""15"", AJAX paging, no total label); sitemap.xml lists 201 /p/ product URLs in total, 81 of which have 'kava' in the slug — so roughly 80-150 coffee SKUs across /c/kava and its subcategories",15,https://www.kafe.sk/c/kava,none found (only page sitemap + image sitemap; no XML/JSON product feed advertised),primary
9gramscoffee.sk,SK,roaster,9 Grams Coffee,allowed,wix,low,"6 store products total (store-products-sitemap.xml has 6 <loc> entries, mostly green/zelená káva lots)",none for User-agent: * (Crawl-delay: 10 only for dotbot and AhrefsBot),https://www.9gramscoffee.sk/ (homepage; store products enumerated via https://www.9gramscoffee.sk/store-products-sitemap.xml),https://www.9gramscoffee.sk/store-products-sitemap.xml (Wix store sitemap; no true product feed),primary
lighthousecoffee.sk,SK,roaster,Lighthouse Coffee (ex Coffeeport),partially_restricted,shoptet,medium,"22 (""Stránka 1 z 1 - 22 položiek celkom""; 22 data-micro-product-id entries on the page, single page)",none,https://www.lighthousecoffee.sk/cerstvo-prazena-kava-lighthouse/,"none found beyond https://www.lighthousecoffee.sk/sitemap.xml (Shoptet XML feeds live under /export/, which robots disallows — not fetched)",primary
diroastery.sk,SK,roaster,Diamond's Roastery,allowed,woocommerce,high,"~16 coffee products on the single /kategoria-produktu/kava/ page (16 distinct /produkt/ links, no pagination); product-sitemap.xml lists 58 URLs for the whole shop (coffee + chocolate + grinders/accessories)",none,https://diroastery.sk/kategoria-produktu/kava/,https://diroastery.sk/product-sitemap.xml (Yoast product sitemap; no WooCommerce XML/JSON product feed advertised),primary
conceptcoffee.sk,SK,roaster,Concept Coffee Roasters,partially_restricted,shoptet,high,"17 in /espresso/ (""17 položiek celkom"", ""Zobrazených položiek: 17""); a separate /filter/ category exists, so roughly 20-35 coffees shop-wide",none,https://www.conceptcoffee.sk/espresso/ (also /filter/; the hinted /cerstvo-prazena-kava/ returns 404),none found beyond https://www.conceptcoffee.sk/sitemap.xml (Shoptet feeds sit under the disallowed /export/ path — not fetched),primary
black.sk,SK,roaster,Black Coffee Roasters,allowed,custom,high,"~16 coffee SKUs linked from the category page (incl. 3 capsule products); single page, no pagination",none,https://www.black.sk/sk/e-shop/kava,"https://www.black.sk/sitemap.xml (plain URL sitemap, no product-specific feed found)",primary
illimite.sk,SK,roaster,Illimité Coffee Roasters,allowed,woocommerce,high,"~4 coffee products listed on the shop archive (small, rotating lot-based offer); no pagination visible",none,https://illimite.sk/vyberova-kava/ (WooCommerce shop archive; true product category is https://illimite.sk/product-category/zrnkova-vyberova-kava/ per breadcrumb JSON-LD),https://illimite.sk/sitemap_index.xml (contains WooCommerce product sitemap; no separate XML/JSON product feed found),primary
jungleroastery.sk,SK,roaster,Jungle Roastery,partially_restricted,shoptet,high,18 products on the /kava/ category page (18 distinct data-micro-product-id values); single page,none,https://www.jungleroastery.sk/kava/,"https://www.jungleroastery.sk/sitemap.xml (standard Shoptet URL sitemap incl. product URLs). Shoptet XML product feeds live under /action/ or /export/, both robots-disallowed; not probed.",primary
ryeisland.com,SK,roaster,Rye Island Roastery,allowed,custom,high,"~11 coffee products linked from the category page (single page, no pagination)",none,https://ryeisland.com/produkty/kava,https://ryeisland.com/sitemap.xml (URL sitemap; no product XML/JSON feed found). An llms.txt is referenced by robots.txt but was not fetched.,primary
simplecoffee.sk,SK,roaster,Simple Coffee,allowed,woocommerce,medium,29 ('Zobrazuje sa 29 výsledkov' in the woocommerce-result-count element); includes several tasting/sample bundles,none,https://simplecoffee.sk/kategorie/zrnkova-kava/,https://simplecoffee.sk/sitemap_index.xml (includes WooCommerce product sitemap); no separate XML/JSON product feed found,primary
redfawn.sk,SK,roaster,Red Fawn Coffee Roasters,partially_restricted,shoptet,high,"~12 coffees on page 1 of /kava/ with a /kava/strana-2/ link, so roughly 13-24 whole-bean coffees (sub-categories: /espresso/, /filter/, /bezkofeinova-kava/, /cokoladova/, /ovocna/)",none specified,https://www.redfawn.sk/kava/,"https://www.redfawn.sk/sitemap.xml -> https://www.redfawn.sk/sitemaps/sitemap0.xml.gz (gzipped URL sitemap, includes product URLs). No dedicated XML product feed exposed publicly; /export/ (typical Shoptet feed dir) is Disallowed.",primary
goodtimes.coffee,SK,roaster,Good Times Coffee Roasters,allowed,woocommerce,high,"3 coffees listed on /obchod/ (Brazil Doce Diamantina, Daily Espresso Seasonal Blend, Honduras COMSA co-operative); no pagination — very small catalogue",none specified,https://goodtimes.coffee/obchod/,https://goodtimes.coffee/sitemap_index.xml (contains a product sitemap); WooCommerce Store/WP REST API at /wp-json/ is also reachable but was not probed,primary
25coffee.sk,SK,roaster,25COFFEE,allowed,woocommerce,high,"/shop/ shows ""Zobrazuje sa 9 výsledkov"" (9 products, no pagination). Whole-bean sub-categories: /product-category/zrnkova-kava-100-arabica/, /zrnkova-kava-100-robusta/, /zrnkova-bezkofeinova-kava/, /nase-vlastne-zmesi/",none specified,https://www.25coffee.sk/shop/,https://www.25coffee.sk/product-sitemap.xml (declared in robots.txt),primary
readyafter.sk,SK,roaster,Ready After,partially_restricted,shoptet,high,"~42 product tiles rendered on /kava/ (no strana-N pagination link seen on that page); large taxonomy of coffee sub-categories by country, acidity, brewing method (/etiopska-kava/, /brazilska-kava/, /kava-filter/, /kava-na-espresso/, /bezkofeinova-kava/, /bio-kava/ …)",none specified,https://www.readyafter.sk/kava/,https://www.readyafter.sk/sitemap.xml -> https://www.readyafter.sk/sitemaps/sitemap0.xml.gz. No public XML product feed; /export/ is Disallowed.,primary
coffia.eu,SK,roaster,Coffia Specialty Coffee,partially_restricted,shopify,medium,"~12-13 coffee products linked from /collections/vsetky-kavy (plus sub-collections /collections/espresso-kava-1, /filter-kava, /dark-roast, /competition-series, /novinky)",none specified,https://coffia.eu/collections/vsetky-kavy,"https://coffia.eu/sitemap.xml (Shopify sitemap index with sitemap_products_*.xml). Shopify also exposes .json/.js product endpoints by convention, not probed.",primary
caffe4u.sk,SK,roaster,Caffe4U,allowed,woocommerce,high,"70 (listing states ""Zobrazených 1–16 z 70 výsledkov"", 5 pagination pages); coffee subcategories exist: /prazena-kava/, /prazena-zrnkova-kava/, /zelena-kava/, /kava-tyzdna/",none specified,https://caffe4u.sk/eshop/,https://caffe4u.sk/sitemap_index.xml (Yoast-style index named in robots.txt; not fetched),primary
urbancoffee.sk,SK,roaster,Urban Coffee,partially_restricted,shoptet,high,"~10 (10 product tiles with data-micro-product-id on /e-shop/, no pagination links present)",none specified,https://www.urbancoffee.sk/e-shop/,https://www.urbancoffee.sk/sitemap.xml (named in robots.txt; not fetched). Shoptet XML feeds (/export/...) exist by convention but /export/ is Disallowed.,primary
moritzcafe.sk,SK,roaster,Moritz Cafe,allowed,woocommerce,medium,"~20-30 (15 distinct /produkt/ links on page 1, pagination link to page/2 present; no numeric result-count label rendered)",none specified,https://www.moritzcafe.sk/kategoria-produktu/kava/,https://moritzcafe.sk/sitemap_index.xml (named in robots.txt; not fetched),primary
profileroastery.sk,SK,roaster,Profile Coffee Roastery,allowed,webflow,medium,"16 (16 JSON-LD Product/Offer entries on /produkty; subcategories /category/kava-pre-espresso, /category/kava-pre-filter, /category/blend)",none specified,https://www.profileroastery.sk/produkty,https://www.profileroastery.sk/sitemap.xml (named in robots.txt; not fetched). No dedicated product feed found.,primary
trinitybeans.sk,SK,roaster,Trinity Beans,allowed,woocommerce,high,~12-18 (9 distinct /produkt/ links on page 1 of /obchod/ plus a page/2 link; subcategories /kategoria-produktu/espresso/ and /kategoria-produktu/filter/),none specified,https://www.trinitybeans.sk/obchod/,https://www.trinitybeans.sk/sitemap.xml (named in robots.txt; not fetched),primary
kaan.sk,SK,roaster,Kaan Roastery,allowed,woocommerce,high,"17 coffee products on the single category page (17 WooCommerce product cards, no pagination)",none,https://kaan.sk/kategoria/kava/,https://kaan.sk/product-sitemap.xml (product sitemap from sitemap_index); no dedicated XML product feed found,primary
zarno.sk,SK,roaster,Zarno,allowed,woocommerce,high,"8 — listing states ""Zobrazuje sa 8 výsledkov""",none,https://zarno.sk/obchod/,http://zarno.sk/product-sitemap.xml (from sitemap index); WooCommerce RSS also exposed at https://zarno.sk/obchod/feed/,primary
egoroaster.com,SK,roaster,Ego Roaster,partially_restricted,upgates,medium,~11 coffee products linked from the /kava listing (10 single origins + blends: mr-choice/mr-classic/mr-intense 1kg),none,https://www.egoroaster.com/kava (subcategory of interest: /kava — Speciality coffee / Blendy),https://www.egoroaster.com/feed-rss.xml (RSS link exposed in page head/footer) and https://www.egoroaster.com/sitemap-products.xml.gz,primary
sweetbeans.coffee,SK,roaster,Sweet Beans Coffee Roastery,allowed,woocommerce,high,"66 total shop products (""Showing 1–12 of 66 results"", 12 per page); coffee-beans category is a subset — ~14 bean products linked from page 1",none,https://www.sweetbeans.coffee/shop/ (beans-only: https://www.sweetbeans.coffee/kategoria-produktu/coffee-beans/),https://www.sweetbeans.coffee/sitemap.xml and https://www.sweetbeans.coffee/sitemap.rss (both declared in robots.txt); no Google-Merchant-style XML feed found,primary
padmeroastery.sk,SK,roaster,Padmé Roastery,allowed,webnode,high,"15 products rendered on the e-shop page (15 data-wnd_product_item_data blocks), covering coffee, decaf, tasting sets and matcha","10 (seconds, for User-agent: *)","https://www.padmeroastery.sk/e-shop/ (collections via /e-shop/?collection=kava-na-espresso, kava-na-filter, decaf, kilove-balenia, vyberova-kava, …; also clean paths /kava-na-espresso/, /kava-na-filter/, /bezkofeinova-kava/)","none found — https://padmeroastery.sk/sitemap.xml is a flat URL sitemap (pages + a few /p/ product URLs), no dedicated product feed",primary
praziarenvelkezaluzie.sk,SK,roaster,Pražiareň Veľké Zálužie,partially_restricted,shoptet,medium,"23 items in ""ČERSTVO PRAŽENÁ KÁVA"" (listing states ""23 položiek celkom"", 12 per page, 2 pages via /strana-2/); a separate /vyberova-kava/ category also exists",none,https://www.praziarenvelkezaluzie.sk/cerstvo-prazena-kava/,https://www.praziarenvelkezaluzie.sk/sitemap.xml (named in robots.txt; not fetched),primary
kavanapredaj.sk,SK,roaster,Pressburg Coffee,allowed,woocommerce,low,"8 products total on /obchod/ (no pagination links), incl. 5 roasted-coffee blends + a test pack",none,https://www.kavanapredaj.sk/obchod/,https://www.kavanapredaj.sk/sitemap.xml (named in robots.txt; not fetched),primary
spiritcoffee.sk,SK,roaster,Spirit Coffee,allowed,woocommerce,high,"10 products in ""Káva"" (category counter ""Káva (10)"", 10 distinct /p/ links, no pagination); plus ""Kávové sety (3)""",none,https://spiritcoffee.sk/c/kava/,none found,primary
kavysveta.sk,SK,roaster,Kávy Sveta,allowed,woocommerce,medium,"13 coffees (""Kávy (13)"" filter counter; sub-categories Odrodové 9, Zmesy 4, Organické 4, Prémiové 2, Dezertné 2, Bezkofeínové 1); pagination to /kategoria-produktu/kavy/page/2/",none,https://kavysveta.sk/kategoria-produktu/kavy/,https://kavysveta.sk/product-sitemap.xml (product URLs + image entries; confirmed),primary
doubleshot.cz,CZ,roaster,doubleshot,allowed,other/unknown,high,"19 product links rendered on the first view with a ""Zobrazit další produkty"" load-more control, so more beyond that; roughly 15 coffees plus capsules/gift vouchers",none,https://www.doubleshot.cz/cs/taxons/doubleshot,https://www.doubleshot.cz/sitemap/sitemap.xml (named in robots.txt; not fetched),primary
nordbeans.cz,CZ,roaster,Nordbeans,allowed,custom,high,"~12 coffee products visible in the static HTML of /kava/ (listing is JS-rendered from a client-side template, so the real count may be higher; full catalog is enumerable via https://www.nordbeans.cz/1/sitemap_products.xml). Sub-categories: /filtry/, /espresso/, /decaf/, /kapsle/.",none,https://www.nordbeans.cz/kava/,"https://www.nordbeans.cz/1/sitemap_products.xml (product sitemap, listed in sitemap index)",primary
rustynails.cz,CZ,roaster,Rusty Nails Coffee Roasters,unreachable,other/unknown,unknown,unknown,unknown,n/a,none found,primary
candycane.coffee,CZ,roaster,Candycane Coffee,allowed,custom,high,"14 coffee product links on /kategorie/kava (single page, no pagination seen); sub-filters via ?subCategory=espresso|filtr|decaf|cascara",none,https://www.candycane.coffee/kategorie/kava,"https://www.candycane.coffee/sitemap.xml (page sitemap, includes product URLs; no dedicated product feed found)",primary
fathers.cz,CZ,roaster,Father's Coffee Roastery,allowed,custom,high,"44 distinct product URLs on /kava (server-rendered, single page, no pagination), spanning /kava/filtr/, /kava/espresso/, /kava/dripbagy/ and related sub-paths; roughly ~30 of those are whole-bean coffees.",none,https://fathers.cz/kava,https://fathers.cz/sitemap.xml (flat urlset with hreflang alternates covering product URLs; no separate product feed found),primary
coffeesource.eu,CZ,roaster,Coffee Source,partially_restricted,shopify,high,"24 (page label ""24 produktů""); 33 distinct /products/ links in the HTML including cross-sells. Related coffee collections: /collections/espresso, /collections/filtr, /collections/limitovane-edice, /collections/nove-kavy-v-prazirne, /collections/vyberove-kapsle",none,https://coffeesource.eu/collections/vyberova-kava,"https://coffeesource.eu/sitemap_products_1.xml?from=6095372091584&to=16481988870489 (Shopify product sitemap, from the sitemap index); also a Shopify agentic-discovery sitemap and a declared UCP/MCP catalog endpoint https://coffeesource.eu/api/ucp/mcp",primary
coffeespot.cz,CZ,roaster,Coffeespot,partially_restricted,shoptet,high,"~41 product cards rendered on the first page of /zrnkova-kava/ (Shoptet default paging; total across the category is larger — pagination/sort query params are partly disallowed, so page through path-based pagination only)",none specified,https://www.coffeespot.cz/zrnkova-kava/,https://www.coffeespot.cz/sitemap.xml (named in robots.txt; Shoptet XML feeds under /export/ exist but /export/ is Disallowed),primary
mamacoffee.cz,CZ,roaster,mamacoffee,partially_restricted,shoptet,high,~14 product cards on the first page of /en/coffee/ (subcategories split the catalogue; low tens of coffees overall),none specified,https://www.mamacoffee.cz/en/coffee/,"https://www.mamacoffee.cz/sitemap.xml (named in robots.txt). Shoptet XML feeds live under /export/, which is Disallowed.",primary
labohemecafe.cz,CZ,roaster,La Bohème Café,partially_restricted,shopify,medium,"533 <url> entries in sitemap_products_1.xml (whole catalogue incl. tea, brewing gear and vouchers; coffee is a subset). ~48 product cards on the homepage listing.",none specified,"https://labohemecafe.cz/ (homepage listing; collection URLs under https://labohemecafe.cz/collections/, enumerable via sitemap_collections_1.xml)","https://labohemecafe.cz/sitemap.xml → sitemap_products_1.xml?from=4380141715501&to=11596931793237 (533 product URLs), plus sitemap_agentic_discovery.xml, sitemap_collections_1.xml, and /en/ equivalents. Shopify .json product endpoints also exist but were not probed.",primary
industra.coffee,CZ,roaster,Industra Coffee,allowed,woocommerce,high,12 products per page with pagination up to at least /obchod/page/8/ → roughly 90-100 products across the whole shop (coffee plus gear/courses/vouchers),none specified,https://industra.coffee/obchod/,https://industra.coffee/sitemap.xml and https://industra.coffee/en/sitemap.xml (both named in robots.txt; Yoast-style index containing a product sitemap),primary
fiftybeans.cz,CZ,roaster,Fiftybeans,allowed,custom,high,"54 products total ('54 produktů' count label on /en/eshop), 48 shown on page 1 with ?Product_page=2 for the rest",none specified,"https://fiftybeans.cz/en/eshop (sub-categories: /en/espresso, /en/filter-coffee, /en/coffee-pods, /en/instant-coffee)",none found (robots.txt lists no Sitemap and no feed was named on the pages fetched; not brute-forced),primary
dos-mundos.cz,CZ,roaster,Dos Mundos,partially_restricted,shoptet,high,"18 products rendered on the single-druh arabica listing (18 data-micro-identifier blocks, no pagination); broader /kava/ tree adds espresso/filter subcategories",none declared,https://www.dos-mundos.cz/jednodruhova-kava-100--arabica/,https://www.dos-mundos.cz/sitemap.xml (declared in robots.txt; not fetched). Note /export/ — the usual Shoptet XML feed path — is Disallowed.,primary
beansmiths.com,CZ,roaster,Beansmith's Coffee Roastery (Kofárna),allowed,woocommerce,high,"~12 distinct /produkt/ items on the coffee category page (incl. 2 non-bean espresso-machine listings and a 'test-roast'), so roughly 9-10 live coffees; no pagination present",none declared,https://beansmiths.com/kategorie-produktu/kava/,"https://beansmiths.com/wp-sitemap.xml (declared in robots.txt; not fetched). WP REST API /wp-json/ is linked from the homepage and would expose /wp-json/wc/store/products, but that was not probed.",primary
rebelbean.cz,CZ,roaster,Rebelbean,partially_restricted,shoptet,high,"13 products rendered on /en/coffee/ (13 data-micro-identifier blocks, no pagination); sibling categories /en/specialty-coffee/, /en/decaf/, /en/coffee-specialities/, /en/coffee-tasting-set/ hold more",none declared,https://www.rebelbean.cz/en/coffee/,https://www.rebelbean.cz/sitemap.xml (declared in robots.txt; not fetched). /export/ (Shoptet's XML feed directory) is Disallowed.,primary
kavypitel.cz,CZ,roaster,Pražírna Kávy Pitel,partially_restricted,shoptet,high,"22 — the listing prints '22 položek celkem' and renders 22 product tiles on one page; the shop also slices the same beans by weight (/100g/, /250g/, /1000g/, /3000g/) and by origin (/afrika/, /amerika/, /indie/, /indonesie/), so naive crawling of all categories will duplicate items",none declared,https://www.kavypitel.cz/kategorie-prazena-kava-kavy-pitel/,https://www.kavypitel.cz/sitemap.xml (declared in robots.txt; not fetched). /export/ is Disallowed.,primary
aromaniac.cz,CZ,roaster,Aromaniac (formerly Čerstvá káva / Káva Káva),partially_restricted,custom,medium,"65 — the listing's embedded JSON reports ""total"":65 for the whole-bean coffee category, paginated ('zobrazuji …' control)","No 'Crawl-delay' directive, but 'Request-rate: 1/4s' is declared — treat as at most one request every 4 seconds",https://www.aromaniac.cz/zrnkova-kava/,https://www.aromaniac.cz/sitemap.xml (declared in robots.txt; not fetched). No separate XML product feed advertised.,primary
uprazeno.cz,CZ,roaster,Upraženo,allowed,custom,high,"~191 products total in sitemap; coffee subset roughly 60-90 (many blog posts, capsules, chocolate, gift vouchers also present)",none,"not fetched separately (request budget spent on robots, homepage, sitemap and product page); product listings reachable from sitemap, dataLayer item_category e.g. ""100% Arabiky""","https://www.uprazeno.cz/sitemap.xml (single flat sitemap, 363 URLs incl. 191 product URLs ending in -P/, with image:image blocks); no XML/JSON product feed found",primary
mojeprazirna.cz,CZ,roaster,Moje pražírna,partially_restricted,shoptet,medium,"~12 products shown on the main coffee category page (label ""10 produktů"" on one subgroup); coffee split across subcategories /100--arabica/, /100--robusta/, /kava-na-espresso/, /kava-na-filtr/, /bezkofeinova-decaffeinated-coffee/ — plausibly 20-40 coffee SKUs total",none,https://www.mojeprazirna.cz/cerstve-prazena-vyberova-kava/,"https://www.mojeprazirna.cz/sitemap.xml (standard Shoptet sitemap, named in robots); /export/ (Shoptet XML feeds) is Disallowed",primary
laprazirna.cz,CZ,roaster,LaPražírna,allowed,custom,medium,"~15 JSON-LD Products and ~20 distinct product links on /e-shop/kava; note each coffee is listed twice (250 g and 1 kg are separate SKUs), so roughly 10-12 distinct coffees",none,"https://www.laprazirna.cz/e-shop/kava (subcategories /e-shop/vyberova-kava/100-arabica-single-origin, /e-shop/kava/bezkofeinova-kava, /e-shop/kava/kavove-kapsle, /e-shop/kava/degustacni-balicek)",https://www.laprazirna.cz/sitemap.xml (flat sitemap listing /e-shop/<product-slug> URLs); no XML/JSON product feed found,primary
valasska-prazirna.cz,CZ,roaster,Valašská pražírna,partially_restricted,shoptet,high,~27 products on /kava/ in a single page (no /strana-2/ pagination link found),none,https://www.valasska-prazirna.cz/kava/,"https://www.valasska-prazirna.cz/sitemap.xml (Shoptet sitemap, named in robots); /export/ XML feeds Disallowed",primary
penerini.cz,CZ,roaster,Penerini Coffee,partially_restricted,shoptet,high,18 products on page 1 of /cerstveprazenakava/ with a /cerstveprazenakava/strana-2/ pagination link → roughly 20-36 fresh-roasted coffees,none,"https://eshop.penerini.cz/cerstveprazenakava/ (related: /vyberova-kava/, /kava-na-espresso/, /bezkofeinova-kava/)","https://eshop.penerini.cz/sitemap.xml (Shoptet sitemap, named in robots); /export/ feeds Disallowed",primary
prazirnahospodarsky.cz,CZ,roaster,Pražírna Hospodářský,allowed,custom,high,"7 coffees on the 450 g listing; catalogue is the same ~7 coffees split across three weight category pages (200 g / 450 g / 1000 g), so ~21 product URLs total plus gift packs/subscription",none,https://www.prazirnahospodarsky.cz/produkty/cerstve-prazena-kava.html,none found (https://www.prazirnahospodarsky.cz/sitemap.xml returns HTML 404; robots.txt names no sitemap),primary
kava-prazirna.cz,CZ,roaster,Coffee Mondo,allowed,eshop-rychle,high,"18 product URLs on the Arabica category (≈6 coffees × 250 g/500 g/1 kg); whole shop has 5 coffee categories (arabica, espresso, robusta, zelená káva, na filtr), so roughly 40-60 product URLs",none,https://www.kava-prazirna.cz/kava-arabica,https://www.kava-prazirna.cz/sitemap.xml (plain urlset of all pages including /...-dNN.htm product URLs). No XML/CSV product feed exposed publicly.,primary
lazenskakava.cz,CZ,roaster,Lázeňská káva,allowed,prestashop,high,"42 (""Zobrazení 1-12 z 42 položek"", 4 pages) in Pražená káva; site text claims ""pražíme 36 druhů káv""",none,https://eshop.lazenskakava.cz/prazena-kava,"Sitemaps named in robots.txt: https://www.lazenskakava.cz/sitemap.xml (+ .rss, .html). No dedicated product XML/CSV feed found; the eshop subdomain's own sitemap was not probed.",primary
cokafe.com,CZ,roaster,COKAFE,allowed,woocommerce,high,"11 distinct /produkt/ URLs on the category page (single page, no pagination) — e.g. Brazílie, Peru, Kolumbie, Nikaragua, Rwanda origins in espresso/filtr versions",none,https://cokafe.com/produkty/kava/,https://cokafe.com/sitemap_index.xml named in robots.txt (Yoast; will contain a product sitemap). No WooCommerce XML/CSV product feed found.,primary
kavamonro.cz,CZ,roaster,Káva MONRO,partially_restricted,eshop-rychle,high,"no count label shown; 17 product URLs on the fetched origin overview page, which itself links ~40 country subcategories (Australská … Sumaterská) plus decaf/robusta/ground/green categories — likely 150+ product URLs site-wide (sitemap.xml would give the exact figure)",2 (Crawl-delay: 2),https://www.kavamonro.cz/Arabiky-dle-zeme-puvodu-c31_0_1.htm (fetched as /Zrnkova-kava-c31_0_1.htm); hint page https://www.kavamonro.cz/Kava-MONRO-a1_0.htm is an article page,http://www.kavamonro.cz/sitemap.xml (declared in robots.txt). No separate XML/CSV product feed found; per-product data is fully available via the ProductGroup JSON-LD.,primary
thenaughtydog.cz,CZ,roaster,The Naughty Dog,no_robots,custom,high,~26 distinct coffees linked from the homepage (all as kofio.cz outbound links),none,"https://www.thenaughtydog.cz/ (section #section-our-coffee) - there is NO own e-shop; every coffee links out to the kofio.cz marketplace, e.g. https://www.kofio.cz/kava/etiopie-banko-gotiti-the-naughty-dog/21539",none found on thenaughtydog.cz; the shop host kofio.cz exposes Sitemap: https://www.kofio.cz/sitemap,primary
botacoffee.cz,CZ,roaster,Bota Coffee,partially_restricted,shoptet,high,"~40 coffees (31 product cards on page 1; pagination has exactly 2 pages, /kava/strana-2/ is the last)",none,https://www.botacoffee.cz/kava/,"https://www.botacoffee.cz/sitemap.xml (flat urlset of category + product URLs, confirmed 200 text/xml). Shoptet XML product feeds normally live under /export/ which robots.txt disallows.",primary
ankercoffee.cz,CZ,roaster,Anker Coffee,unreachable,other/unknown,unknown,unknown,unknown,https://www.ankercoffee.cz/ (hint; not verified),none found,primary
merrybeans.cz,CZ,roaster,Merrybeans,allowed,upgates,high,"~11 products on the single /e-shop page (10 coffees/cascara + capsules), no pagination",none,"https://www.merrybeans.cz/e-shop (sub-categories /espresso, /filtr, /cascara, /prislusenstvi, /pro-radost)",https://www.merrybeans.cz/sitemap.xml (named in robots.txt); the category page also links an Upgates RSS feed at https://www.merrybeans.cz/feed-rss.xml,primary
25coffeeroasters.com,CZ,roaster,25 Coffee Roasters,partially_restricted,opencart,high,"~85 (22 product links on page 1; pagination exposes page=2, page=3, page=4)",none,https://25coffeeroasters.com/coffee,"https://25coffeeroasters.com/sitemap.xml (200 application/xml, urlset of product URLs with lastmod; not referenced from robots.txt)",primary
qb.coffee,CZ,roaster,QB Coffee Roasters,allowed,woocommerce,high,"21 products rendered on the single /kava/ listing page (21 data-micro-identifier items); no pagination links, so ~21 coffee SKUs (includes capsules)",none,https://eshop.qb.coffee/kava/,https://eshop.qb.coffee/sitemap.xml (named in eshop robots.txt; not fetched). No XML/JSON product feed URL exposed publicly.,primary
prazirnagrain.cz,CZ,roaster,GRAIN pražírna,allowed,woocommerce,medium,"~33 product links on page 1 of /e-shop/ with a second page (/e-shop/page/2/), so roughly 40-60 SKUs total; mixed catalogue (coffees, gift packs, brewers, filters) - whole-bean coffees are roughly 12-18 of them",none,https://www.prazirnagrain.cz/e-shop/,https://www.prazirnagrain.cz/sitemap_index.xml (Yoast index; should contain a product sitemap). WooCommerce also typically exposes /wp-json/wc/store/products - not probed.,primary
daliacoffee.cz,CZ,roaster,Dalia Coffee,allowed,shoptet,high,"12 products on page 1 with a /kategorie/vyberova-kava/strana-2/ link, so roughly 13-24 selection coffees; subcategories Kávy na filtr, Kávy na espresso, Bez kofeinu, Drip bagy overlap this listing",none,https://www.daliacoffee.cz/kategorie/vyberova-kava/,https://www.daliacoffee.cz/sitemap.xml (declared in robots.txt; not fetched). Shoptet XML export paths live under /export/ which robots.txt disallows.,primary
typhooncoffee.cz,CZ,roaster,Typhoon Coffee,allowed,custom,medium,"Sitemap (xml/www-typhooncoffee-cz-cz.xml) lists 85 URLs total; roughly 35-45 are coffee product URLs under /katalog/filtr/ and /katalog/espresso/, though many lots appear twice (same coffee listed under both filtr and espresso, plus duplicate/root-level slugs), so realistically ~20-25 distinct coffees plus equipment and education articles",none,https://www.typhooncoffee.cz/katalog/filtr/ (plus https://www.typhooncoffee.cz/katalog/espresso/),"https://www.typhooncoffee.cz/sitemap.xml is a sitemapindex pointing to https://www.typhooncoffee.cz/xml/www-typhooncoffee-cz-cz.xml (85 URLs, coffee + equipment + articles). No dedicated product XML/JSON feed found.",primary
port76.cz,CZ,roaster,Pražírna Port 76,allowed,shoptet,medium,"12 products on /zrnkova-kava/ (12 data-micro-identifier items), no pagination links, so ~12 whole-bean SKUs; subcategories /jednodruhove-kavy/, /smesi/, /bezkofeinova-kava/, /robusta/ split the same range",none,https://www.port76.cz/zrnkova-kava/,https://www.port76.cz/sitemap.xml (declared in robots.txt; not fetched). No separate product feed exposed; /export/ is disallowed.,primary
birdsong.cz,CZ,roaster,Birdsong,partially_restricted,shoptet,high,~14 coffees (13-15 product tiles on the single /kava/ page; sitemap.xml lists 14 /kava/<slug>/ product URLs),none,https://www.birdsong.cz/kava/,"https://www.birdsong.cz/sitemap.xml (93 <loc> entries, 14 of them /kava/ products). Shoptet's /export/ feed directory exists but is explicitly 'Disallow: /export/'.",primary
alacoffee.cz,CZ,roaster,Ala Coffee,partially_restricted,shoptet,high,"~20 coffee items (12 product tiles on page 1, pager shows '1 z 2' with /kava/strana-2/; sitemap.xml has 104 URLs across all categories, with sub-categories /jednodruhove/ and /smesi/)",none,https://www.alacoffee.cz/kava/,"https://www.alacoffee.cz/sitemap.xml (104 URLs; products live at root-level slugs, e.g. /ethiopia-negele/). Shoptet /export/ feeds are disallowed by robots.",primary
copcoffee.cz,CZ,roaster,CopCoffee,allowed,joomla,high,"~7 whole-bean coffees on the main /vyberova-kava listing (page label '7 z 7'), split across sub-categories /vyberova-kava/kava-na-espresso and /vyberova-kava/kava-na-filtr; pagination offers results,1-12 / 1-18 / 1-24 / 1-100",none,https://copcoffee.cz/vyberova-kava,"Joomla JMap sitemap: https://www.copcoffee.cz/index.php?option=com_jmap&view=sitemap&format=xml — 41 <loc> entries, but they are category listing URLs (e.g. /vyberova-kava/results,1-12) and CMS pages; individual product URLs are NOT listed, so products must be discovered from the listing pages.",primary
kafec.cz,CZ,roaster,Kafec,allowed,custom,high,7 coffees listed (7 /vyberove-kavy/<slug> links; no pagination),none,https://kafec.cz/vyberove-kavy,none found (robots.txt carries no Sitemap: line; no sitemap request was made beyond robots),primary
candycane.cz,CZ,roaster,Candycane Coffee,allowed,custom,high,14 items on the coffee category page (12 coffees plus cascara/subscription items); sub-filters ?subCategory=espresso|filtr|decaf|kapsle|cascara. Sitemap lists 179 /produkty/ URLs across the whole shop (coffee + Ajala chocolate + gear + courses).,none,https://www.candycane.coffee/kategorie/kava,"https://www.candycane.coffee/sitemap.xml — 510 <loc> entries, 179 of them /produkty/<slug> product URLs (usable as a crawl list; not a priced feed).",primary
triplefivecoffee.com,SK,roaster,Triple Five Coffee,allowed,woocommerce,high,"11 (""Zobrazuje sa 11 výsledkov"", single page, no pagination)",none,https://triplefivecoffee.com/product-category/kava/,none found beyond sitemap index https://triplefivecoffee.com/sitemap_index.xml (not fetched),primary
thisisjungle.sk,SK,roaster,Jungle Roastery,partially_restricted,shoptet,high,"18 (""18 položiek"" label; 21 data-micro-product-id blocks on page incl. cross-sell, ""Zobraziť viac produktov"" lazy pagination)",none,https://www.jungleroastery.sk/kava/,"Sitemap named in robots: https://www.jungleroastery.sk/sitemap.xml (not fetched — per-site request budget reached). Shoptet shops also typically expose Heureka/Google XML feeds, not probed.",primary
kavaondrejka.sk,SK,roaster,Káva Ondrejka,allowed,woocommerce,high,"~7 coffee products listed on /obchod/ (no result-count label, no pagination)",none,"https://www.kavaondrejka.sk/obchod/ (categories: /kategoria-produktu/espresso/, /alternativne-sposoby/, /bezkofeinova-kava/)","WooCommerce feeds exist (/obchod/feed/, /feed/ — RSS, not a product feed); sitemap index https://www.kavaondrejka.sk/sitemap_index.xml (not fetched)",primary
mlsnacava.sk,SK,roaster,Mlsnacava,allowed,woocommerce,high,"12 (""12 výsledkov"" on /obchod/; 6 coffee products visible in first grid)",none,https://mlsnacava.sk/obchod/,none found; robots names sitemap.xml and sitemap_index.xml (not fetched),primary
cipollacaffe.sk,SK,roaster,Cipolla Caffé,allowed,custom,high,"31 (""31 produktov"" label; 31 distinct /produkt/ links on the page)",none,https://www.cipollacaffe.sk/kava,none found; sitemap named in robots: https://www.cipollacaffe.sk/sitemap.xml (not fetched),primary
thefleckcoffee.com,SK,roaster,The Fleck Coffee Roasters,allowed,webnode,high,~12 items listed on /eshop/ (10 coffees + 2 gift vouchers); sitemap.xml lists the same /p/ product URLs,10,https://www.thefleckcoffee.com/eshop/,https://thefleckcoffee.com/sitemap.xml (flat URL sitemap incl. all /p/ product pages); no dedicated XML product feed found,primary
barzzuz.sk,SK,roaster,Barzzuz,allowed,joomla,low,"0 — no product listing exists; the ""Káva Barzzuz"" page is a text/info page (~9.8 KB) with no products, prices or add-to-cart",none,https://www.barzzuz.sk/kava/kava/kava-barzzuz.html,none found,primary
simplecoffee.eu,SK,roaster,Simple Coffee,allowed,woocommerce,medium,"29 (page states ""Zobrazuje sa 29 výsledkov""); subcategories: arabika, espresso-zmesi, kava-na-filter, zrnkova-kava-do-kavovaru",none,https://simplecoffee.sk/kategorie/zrnkova-kava/,"https://simplecoffee.sk/product-sitemap.xml (Yoast product sitemap, from sitemap_index.xml). No XML/CSV merchant feed exposed publicly.",primary
coffeesheep.sk,SK,roaster,CoffeeSheep,partially_restricted,shoptet,high,"~16 coffee products directly under /kava/ (plus 3 under /espresso/, dedicated /filtrovana-kava/ and /degustacne-balicky/ sections); site sitemap.xml lists 173 URLs across all categories incl. tea and equipment",none,https://www.coffeesheep.sk/kava/,"https://www.coffeesheep.sk/sitemap.xml (Shoptet sitemap, 173 URLs incl. product pages). Note robots blocks /export/ — the typical Shoptet XML feed location — so do not fetch feeds there.",primary
zrnco.sk,SK,roaster,ZRNCO,allowed,woocommerce,high,"~11 products linked from /obchod/ (single-origin coffees Brazília, Etiópia, Kolumbia, Peru, plus degustačná sada, mlynček, šálky, poukážka, bundles)",none,https://www.zrnco.sk/obchod/,https://www.zrnco.sk/product-sitemap.xml and https://www.zrnco.sk/produkty-sitemap.xml (both listed in sitemap_index.xml). No public merchant XML/CSV feed found.,primary
praziarnicka.sk,SK,roaster,Pražiarnička,allowed,custom,medium,"6 (JSON-LD ItemList on /eshop has positions 1-6, single page)",none,https://praziarnicka.sk/eshop,https://praziarnicka.sk/sitemap.xml (declared in robots.txt; not fetched),primary
prazirnabrno.cz,CZ,roaster,Pražírna Brno,partially_restricted,shoptet,high,"~11-20 whole-bean coffees (10 products rendered on page 1, pagination link /prazena-kava/strana-2 exists, no page 3)",none,https://www.prazirnabrno.cz/prazena-kava/,https://www.prazirnabrno.cz/sitemap.xml -> sitemapindex pointing to https://www.prazirnabrno.cz/sitemaps/sitemap0.xml.gz (gzipped URL list). Note /export/ (the usual Shoptet XML feed dir) is disallowed for *.,primary
motmot.cz,CZ,roaster,MOTMOT coffee roasters,partially_restricted,shoptet,high,"11 on /espresso/ (11 distinct data-micro-product-id, no pagination links); more coffees live in sibling categories /filtr/, /kapsle/, /kava-pomaha/",none,https://www.motmot.cz/espresso/,"https://www.motmot.cz/sitemap.xml — a flat <urlset> of page/category/product URLs (not gzipped, not an index). /export/ is disallowed for *.",primary
kopibean.cz,CZ,roaster,Kopi Bean,allowed,upgates,medium,~26 coffee products linked on /kava (26 distinct /p/ links on the first render; no explicit count label found),none,https://www.kopibean.cz/kava,https://www.kopibean.cz/sitemap.xml (declared in robots.txt; not fetched). No XML product feed URL exposed in robots.txt.,primary
poppybeans.cz,CZ,roaster,Poppy Beans Coffee,partially_restricted,shopify,high,~15 (15 distinct /products/ links on the collection page; no pagination or numeric count label rendered),none,https://poppybeans.cz/collections/zrnkova-kava,"https://poppybeans.cz/sitemap.xml (Shopify sitemap index; declared in robots.txt, not fetched). Shopify also exposes per-product .json/.js views and the shop advertises a UCP/MCP catalogue endpoint https://poppybeans.cz/api/ucp/mcp (per robots.txt comments).",primary
ohmybean.coffee,CZ,roaster,Oh My Bean Roastery,partially_restricted,shoptet,high,"12 products on /filtr/ (filter coffees); further coffee categories exist: /espresso/, /house-beans/, /kava/ (parent). No pagination on /filtr/ — single page.",none specified,https://www.ohmybean.coffee/filtr/,https://www.ohmybean.coffee/sitemap.xml (single flat urlset with product + category URLs; no separate product-only feed exposed in robots.txt),primary
kmen.coffee,CZ,roaster,Kmen Coffee Roasters,allowed,woocommerce,high,"38 products total (""38 produktů / Zobrazen 1. – 15. z 38 výsledků""), 3 pagination pages; includes some accessories (cupping spoon, Cafiza, cap)",none specified,https://kmen.coffee/shop-2/,"https://kmen.coffee/product-sitemap1.xml (product sitemap, from the sitemap index https://kmen.coffee/sitemaps.xml; also product_cat-sitemap1.xml)",primary
miacoffee.eu,CZ,roaster,MIA Coffee,allowed,custom,high,~25 product links rendered on /eshop/mia-coffee/ (own-roasted MIA coffees incl. sets and drip bags); no pagination counter label found,none specified,https://www.miacoffee.eu/eshop/mia-coffee/,none found (sitemap index https://www.miacoffee.eu/sitemaps/sitemap_4.xml → https://www.miacoffee.eu/sitemaps/general_4.xml; no product-specific feed named),primary
theminers.eu,CZ,roaster,The Miners Specialty Coffee Roasters,partially_restricted,shoptet,high,"~43 product cards on /e-shop/ (whole catalogue incl. drip bags, capsules, accessories); dedicated sub-categories exist: /coffee-beans/, /espresso-coffee-beans/, /filter-coffee-beans/",none specified,https://www.theminers.eu/e-shop/,https://www.theminers.eu/sitemap.xml (flat urlset with hreflang alternates covering product and category URLs; no separate product-only feed named in robots.txt),primary
libereckaprazirna.cz,CZ,roaster,Liberecká pražírna,partially_restricted,prestashop,medium,"16 items (""16 položek"") in the Pražená káva category; single page",none specified,https://www.libereckaprazirna.cz/10-prazena-kava,none found (sitemap index https://www.libereckaprazirna.cz/1_index_sitemap.xml → https://www.libereckaprazirna.cz/1_cs_0_sitemap.xml; no product-only feed named),primary
kavaloka.cz,CZ,roaster,KÁVALOKA,allowed,woocommerce,high,"~60-65 items across the whole e-shop (13 products per page, pagination up to page 5); coffee plus a few accessories",none,https://www.kavaloka.cz/e-shop/,https://www.kavaloka.cz/sitemap_index.xml (Yoast index; product sitemap expected inside — not fetched),primary
prazirnaignac.cz,CZ,roaster,Pražírna Ignác,partially_restricted,shoptet,high,~30 (12 product tiles per page; pagination /cerstve-prazena-kava/strana-2/ and /strana-3/ → roughly 25-36 coffees),none,https://www.prazirnaignac.cz/cerstve-prazena-kava/,"https://www.prazirnaignac.cz/sitemap.xml (fetched, 200, ~380 KB, contains product and category URLs). Shoptet XML product feeds live under /export/ which is Disallowed.",primary
usteckakava.cz,CZ,roaster,Ústecká pražírna,partially_restricted,shoptet,high,"~25 single-origin coffees in /kategorie/jednodruhove-kavy/ (25 distinct product URLs on one page, no pagination); further categories for blends, decaf, robusta, green coffee",none,https://www.usteckakava.cz/kategorie/jednodruhove-kavy/,https://www.usteckakava.cz/sitemap.xml (declared in robots.txt; not fetched). Shoptet /export/ XML feeds are Disallowed.,primary
kavaprodej.cz,CZ,roaster,Pražírna kávy Holešovice (Balírny Praha),no_robots,custom,medium,"~100 (25 product tiles per page, pagination index.php?p=2..4); the /zrnkova-kava URL resolves to the site root listing",none (no robots.txt),https://www.kavaprodej.cz/zrnkova-kava,"none found (no robots.txt, no Sitemap directive; no feed URL referenced on the pages fetched — not brute-forced)",primary
kamikava.cz,CZ,roaster,KAMIKAVA,allowed,eshop-rychle,high,"8 single-origin arabicas in /kava-arabica-jednodruhova (8 JSON-LD Product entries, single page); further coffee categories /vyberova-kava, /espresso-smesi, /robusta, /bezkofeinova-kava → roughly 25-40 coffees site-wide",2 seconds (Crawl-delay: 2),https://www.kamikava.cz/kava-arabica-jednodruhova,"http://www.kamikava.cz/sitemap.xml (declared in robots.txt; not fetched — note the Sitemap line uses http://, the site itself serves https)",primary
longberry.cz,CZ,roaster,LONGBERRY,allowed,woocommerce,high,"~22 product links rendered on the single category page; sidebar subcategory counts sum to ~29 coffee SKUs (Jednodruhová 13, Espresso směsi 7, Výběrová 3, Ochucená 3, Vícedruhová 2, Degustační balení 1). No pagination seen.",none specified,https://www.longberry.cz/kategorie-produktu/kava/,https://longberry.cz/sitemap_index.xml (sitemap index; no explicit XML/JSON product feed advertised),primary
alegrecafe.cz,CZ,roaster,Alegre Café Roasters,partially_restricted,shoptet,high,"6 (""6 položek celkem"" on /na-filtr/); site also has /na-espresso/, /bezkofeinova/, /degustacni-sety/ and 18 country subcategories under /dle-zemi/",none specified,https://www.alegrecafe.cz/na-filtr/,https://www.alegrecafe.cz/sitemap.xml → sitemap index pointing to https://www.alegrecafe.cz/sitemaps/sitemap0.xml.gz,primary
cafegape.eu,CZ,roaster,Café Gape,partially_restricted,shoptet,high,"9 (""9 položek celkem"" on /jednodruhova-kava/); broader coffee tree includes /kava-cafe-gape/, /espresso-100--arabika/, /kavove-smesi-like/ and /kava-bez-kofeinu/",none specified,https://www.cafegape.eu/jednodruhova-kava/,https://www.cafegape.eu/sitemap.xml (named in robots.txt); /export/ XML feeds are robots-disallowed,primary
henri.cz,CZ,roaster,Pražírna HENRI,partially_restricted,shoptet,high,"10 (""Stránka 1 z 1 - 10 položek celkem"" on /kavy/); subcategories /vyberova-kava/, /single-origin-arabica/, /kavove-smesi/",none specified,https://www.henri.cz/kavy/,https://www.henri.cz/sitemap.xml (named in robots.txt); /export/ feeds robots-disallowed,primary
kikafe.cz,CZ,roaster,KIKAFE,partially_restricted,shoptet,high,"12 (""12 položek celkem"" on /zrnkova-kava/), incl. one decaf and one cascara",none specified (on shop.kikafe.cz),https://shop.kikafe.cz/zrnkova-kava/,https://shop.kikafe.cz/sitemap.xml (named in robots.txt); /export/ disallowed,primary
lauracoffee.cz,CZ,roaster,Laura Coffee,allowed,custom,high,"15 distinct /produkt/ links on the single category page (no pagination markers found) — includes coffees plus a few related items (cascara, tasting packs, a mug)",none,https://lauracoffee.cz/kategorie/kava,"none found (sitemap.xml is a plain URL list of categories/products, no dedicated product feed named)",primary
usatakava.cz,CZ,roaster,UŠATÁ káva,partially_restricted,eshop-rychle,high,"~13-14 coffees on one page (no pagination); listing enumerates e.g. Uganda Mount Elgon, Salvador Pola Honey, Papua Nová Guinea, Guatemala Huehuetenango, Štramberský pozdrav, Vůně Štramberka, Colombia Decaf Excelso, Ethiopia Sidamo, Brazílie Minas Gerais, Peru Amazonas, Burundi Turaco, Colombia Excelso",none,https://usatakava.cz/cerstva-nabidka-usate-kavy-f608.html,https://usatakava.cz/sitemap.xml?filtr=zbozi&step=0 (product sitemap segment named by the sitemap index),primary
orientcoffee.com,CZ,roaster,Orient Coffee,partially_restricted,shoptet,medium,"17 (""17 položek celkem"" on /kava/, paginated over 2 pages, /kava/strana-2/)",none,https://www.orientcoffee.com/kava/,"none found beyond https://www.orientcoffee.com/sitemap.xml (plain URL list including product URLs); /export/ is Disallowed in robots.txt, so the Shoptet XML feeds under /export/ are off-limits",primary
kozak-kafe.cz,CZ,roaster,Kozák Coffee,allowed,shoptet,medium,"8 (""8 položek celkem"" on /prazena-kava/, no pagination); additional related categories /zelena-kava/, /espresso--crema/, /espresso--daily/, /espressopuro/",none,https://eshop.kozak-kafe.cz/prazena-kava/,"none found beyond https://eshop.kozak-kafe.cz/sitemap.xml → https://eshop.kozak-kafe.cz/sitemaps/sitemap0.xml.gz (gzipped URL sitemap, not a product attribute feed)",primary
kavaprolabuzniky.cz,CZ,roaster,Káva pro labužníky,partially_restricted,custom,low,"unknown exactly — no count label or pagination text observed; catalogue is split into 6 top categories with leaf sub-category pages per coffee (e.g. BIO Káva has 3: Brasilia Santos Organic, Ethiopia Organic, Peru Organic), so likely on the order of a few dozen products site-wide",20 seconds (Crawl-delay: 20) — honour it; this is the one site of the five that asks for slow crawling,"https://www.kavaprolabuzniky.cz/category/100_-arabica/1 (top categories: /category/100_-arabica/1, /category/100_-robusta/29, /category/aromatizovana-kava/33, /category/bezkofeinova-kava/44, /category/bio-kava/46, /category/espresso-smesi/50)","none found — sitemap_index.xml points only at sitemap.xml (a URL list, last modified 2024-08-01); no product attribute feed named",primary
chroast.cz,CZ,roaster,CHROAST Coffee Roasters,partially_restricted,shoptet,high,"5 filter coffees on /filtr/ (single page, no pagination); espresso coffees sit in a separate /espresso/ category, so roughly 10-15 coffees site-wide",none declared,https://www.chroast.cz/filtr/,https://www.chroast.cz/sitemap.xml (declared in robots.txt); no XML/JSON product feed publicly declared,primary
typika.coffee,CZ,roaster,TYPIKA Roastery,partially_restricted,shopify,high,"11 distinct /products/ links on the collection page (single page, no pagination) - about 10 coffees plus one subscription/baseline item",none declared,https://typika.coffee/collections/kava,https://typika.coffee/sitemap.xml (declared in robots.txt; Shopify sitemap index with product sitemaps). Shopify's conventional /products.json endpoint was not requested.,primary
mazelabcoffee.com,CZ,roaster,Mazelab Coffee,partially_restricted,shopify,high,"17 /products/ links on the page, of which roughly 10 are roasted coffees (badagalo, bursa, gichangi-estate-aa, hambella, kamavindi-sl, kamavindi-sl-honey, kamavindi-sl28-pb, kokose, la-gaviota, los-cenizos); the rest are green-bean lots and merch cross-links. Single page, no pagination.",none declared,https://mazelabcoffee.com/collections/coffee,https://mazelabcoffee.com/sitemap.xml (declared in robots.txt; Shopify sitemap index). Shopify's conventional /products.json endpoint was not requested.,primary
kavomilka.cz,CZ,roaster,Kávomilka,allowed,woocommerce,low,"~14 coffees linked from the homepage (bezkofeinova-brasil-santos, brasil-yellow-bourbon, columbia-supremo, cuba-serrano-superior, ethiopia-mocca-sidamo, flow-karibik-a-antily-smes, honduras-genuine-marcala, india-planta-little-flower, indonesia-jawa-blawan, kenya-ab-plus-meru, mexico-altura-ep-organic, nicaragua-talia-san-ramon, panama-boquette-premium, papua-new-guinea-sigri) plus ~6 sampler bundles (var-2x70g ... var-7x70g)",10,"https://kavomilka.cz/ (single-page shop; all coffees listed on the homepage, linking to /produkt/... - there is no separate whole-bean category page in the nav besides the ""Nabídka káv"" anchor)",https://kavomilka.cz/sitemap.xml -> WordPress sitemap index including https://kavomilka.cz/wp-sitemap-posts-product-1.xml (product sitemap). Not declared in robots.txt. WooCommerce/WP REST root https://kavomilka.cz/wp-json/ is linked from the HTML.,primary
kafepikola.cz,CZ,roaster,Kafe Pikola,allowed,upgates,high,"~22 products listed on /kava (single page): roughly 17 whole-bean coffees in espresso/filtr pairs (brazilie, guatemala, honduras x2, sumatra, tanzanie, kolumbie decaf, blends jizda/pauza/ritual) plus capsules and a dripbag",none declared,https://www.kafepikola.cz/kava,"https://www.kafepikola.cz/sitemap.xml (declared in robots.txt); an /sitemap HTML site map and an RSS link are in the footer. No XML/JSON product feed publicly advertised (Upgates feeds are normally private per-token URLs, not probed).",primary
rodinnakava.cz,CZ,roaster,Rodinná káva Znojmo,partially_restricted,custom,high,"~17 product URLs in the ARABICA category (counted from unique /product/ links; each origin exists as 250g/500g/1000g separate products, so roughly 6 distinct coffees). Other coffee categories: /category/smesi/23 (blends), /category/cascara/47","20 seconds (Crawl-delay: 20) — the strictest of the five; a polite crawler should honour it, so a full catalogue crawl takes a while",https://www.rodinnakava.cz/category/arabica/6,none found (no Sitemap: line in robots.txt; no feed advertised). Not probed further per instructions.,primary
putovniprazirna.cz,CZ,roaster,Putovní Pražírna,partially_restricted,shoptet,high,"~9 coffee products on the single category page (9 data-micro-product-id items; 'položek celkem' label present, no extra pagination pages observed) — small, frequently rotating selection",none declared,https://shop.putovniprazirna.cz/kava-2/,https://shop.putovniprazirna.cz/sitemap.xml (named in robots.txt). Shoptet XML product feeds live under /export/ which is explicitly Disallowed — do not fetch those.,primary
donfranko.cz,CZ,roaster,Don Franko,partially_restricted,shoptet,medium,~14 products on the arabica category page (14 data-micro-product-id items; page carries a 'X produktů v kategorii' label). Additional coffee lives under /specialni-nabidka/ and /kava-pro-firmy-velkoobchod/,none declared,https://www.donfranko.cz/kava-arabica/,https://www.donfranko.cz/sitemap.xml (declared in robots.txt). /export/ feeds exist on Shoptet but are Disallowed.,primary
caffka.cz,CZ,roaster,Caffka,allowed,laravel,unknown,"unknown — the /kavy listing returned only the shell (products rendered client-side / via /api); the only catalogue signal was a pagination link to /kavy?page=2, so at least 2 pages. Homepage shows ~4 featured coffees (Costa Rica Cascara, Keňa Ichuga, Peru, Tanzania).",none declared,https://www.caffka.cz/kavy,"none found — robots.txt names no Sitemap, and https://www.caffka.cz/sitemap.xml returns an HTML 404 page.",primary
crosscafeprazirna.cz,CZ,roaster,CrossCafe Pražírna,partially_restricted,shoptet,high,"~20 items listed on /kava/ (20 data-micro-product-id items; sub-categories /espresso/, /filtr/, /bezkofein/ split the same range, and many coffees exist as 250 g / 500 g / 1 kg separate SKUs)",none declared,https://www.crosscafeprazirna.cz/kava/,https://www.crosscafeprazirna.cz/sitemap.xml (declared in robots.txt). /export/ Shoptet feeds are Disallowed.,primary
melodyroastery.sk,SK,roaster,Melody Fine Roastery,partially_restricted,shoptet,high,"~10 coffees listed on /kava/ (single page, no pagination)",none,https://www.melodyroastery.sk/kava/,https://www.melodyroastery.sk/sitemap.xml (declared in robots.txt; standard Shoptet XML urlset including product URLs). No dedicated product XML feed exposed publicly.,primary
praziarenepera.sk,SK,roaster,Epera Coffee,allowed,woocommerce,high,"~24 products on page 1, 2 pages total → roughly 30-40 fresh-coffee SKUs",none,https://www.praziarenepera.sk/kategoria-produktu/cerstva-kava/,https://www.praziarenepera.sk/wp-sitemap.xml (robots-declared); category RSS feed also linked: https://www.praziarenepera.sk/kategoria-produktu/cerstva-kava/feed/,primary
twohands.sk,SK,roaster,Two Hands Roastery,allowed,woocommerce,high,"~29 product URLs on the shop page (single page, no pagination), of which roughly 10-15 are coffees; the rest are brewing gear and merch",none,https://www.twohands.sk/obchod/,"https://www.twohands.sk/sitemap_index.xml (robots-declared Yoast index, includes a product sitemap); RSS at https://www.twohands.sk/feed/",primary
fabbricacafe.sk,SK,roaster,Fabbrica Cafe,allowed,opencart,medium,12 ('Zobrazenie 1 až 12 z 12 (1 stránok)') in single-origin; additional categories /kavove-zmesi and /special exist,none,https://www.fabbricacafe.sk/jednodruhova-kava,https://www.fabbricacafe.sk/index.php?route=feed/google_sitemap (explicitly Allowed and declared as Sitemap in robots.txt) — an OpenCart Google sitemap feed; a human sitemap page also exists at /sitemap,primary
zahorackapraziaren.sk,SK,roaster,Záhorácka pražiareň,partially_restricted,prestashop,medium,"28 ('Zobrazuje sa 1-21 z 28 položiek', 21 per page, 2 pages)",none,https://zahorackapraziaren.sk/3-zrnkova-kava,none found (robots.txt declares no Sitemap; no feed link observed and no brute-forcing done),primary
severan.eu,SK,roaster,Severan,allowed,woocommerce,high,"17 (""Zobrazených 1–16 z 17 výsledkov"", 2 pages) - whole shop, includes blends/flavoured",none,https://severan.eu/shop/,"https://severan.eu/shop/feed/ (WooCommerce RSS, linked on the listing); sitemap index https://severan.eu/sitemap_index.xml (not fetched)",primary
kavamagula.sk,SK,roaster,Káva Magula,partially_restricted,upgates,medium,"~12-13 in ""Pražená káva"" (filter label ""Skladom (12)"", ""Magula roastery s.r.o. (12)""); 6 subcategories (100% Arabica, 100% Robusta, zmesi, bezkofeínová, zelená mletá, darčekové balenia)",none,https://www.kavamagula.sk/prazena-kava,"https://www.kavamagula.sk/feed-rss.xml (linked in the page head/markup, Upgates RSS product feed - not fetched); sitemap https://www.kavamagula.sk/sitemap.xml",primary
nuomad.sk,SK,roaster,Nômad,allowed,other/unknown,low,"8 coffees listed as teasers on the homepage section (Brazília, Espresso zmes B-100, B-50, B-80, Etiópia, India, Kolumbia, Peru) - no prices, no product detail pages on this domain",none,"https://www.nuomad.sk/#kava (on-page ""Pražená káva"" section; the ""E-shop"" button points off-domain to https://www.kavomil.sk)","none found - sitemap index (https://www.nuomad.sk/sitemap.xml) lists post-sitemap.xml, page-sitemap.xml, dtr_portfolio-sitemap.xml, category-sitemap.xml, dtr_portfoliotags-sitemap.xml only",primary
ripit.sk,SK,roaster,Ripit Roastery,allowed,woocommerce,high,"32 (""Počet produktov: 32"" on the listing; paginated, /obchod/kavy/page/2/)",none,https://ripit.sk/obchod/kavy/ (subcategories /obchod/kavy/espresso/ and /obchod/kavy/filter/),none found beyond https://ripit.sk/sitemap.xml (named in robots.txt; not fetched),primary
triproasters.sk,SK,roaster,Trip Coffee Roasters,partially_restricted,woocommerce,high,"14 (""Zobrazuje sa 14 výsledkov"", single page); sibling categories /espresso/, /filter/, /bezkofeinova-kava/",none,https://triproasters.sk/vyberova-kava/,"none found - robots names only the sitemap index https://triproasters.sk/sitemap_index.xml (not fetched); /*/feed/ is explicitly disallowed, so WooCommerce RSS feeds are off-limits",primary
coffeeveronia.sk,SK,roaster,Coffee Veronia,allowed,shoptet,high,"117 items in /kava/ (""Zobrazených položiek: 117"", 4 pages of 36; includes ground + flavoured coffee, not only whole bean)",none specified,https://www.coffeeveronia.sk/kava/,https://www.coffeeveronia.sk/sitemap.xml (gzipped child sitemap); no dedicated product XML/JSON feed advertised,primary
finecoffee.sk,SK,roaster,Fine Coffee SK,allowed,woocommerce,high,"9 (""Zobrazuje sa 9 výsledkov"", single page) in Pražená zrnková káva",none specified,"https://www.finecoffee.sk/kategoria-produktu/prazena-kava/ (the /kava/ hint URL is an editorial page, not the shop category)",none found (no Sitemap: line in robots.txt; did not probe further),primary
spojkaroastery.com,SK,roaster,Spojka Roastery,allowed,shopify,high,"16 products on page 1 of /collections/all with pagination present; coffee split across collections espresso, filtrovana-kava, drip-bagy — roughly 20-40 items total incl. merch/tea",apex: Crawl-delay: 2; shop subdomain: none specified,https://shop.spojkaroastery.com/collections/espresso and /collections/filtrovana-kava (also /collections/all),https://shop.spojkaroastery.com/sitemap.xml (Shopify sitemap index incl. sitemap_products_*.xml); UCP/MCP catalog endpoint advertised at https://shop.spojkaroastery.com/api/ucp/mcp,primary
verticcio.sk,SK,roaster,Verticcio,partially_restricted,prestashop,high,"unclear from page 1; ~19 distinct /kava/* product URLs visible on the listing, own-roast subcategory 'Káva Verticcio' is the main coffee set (order of tens). No explicit total count rendered in HTML (counts are injected client-side).",none specified,https://www.verticcio.sk/kava (coffee) with subcategory /kava-verticcio/ for own roasts,none found (no Sitemap: line in robots.txt; did not probe),primary
karmacoffee.sk,SK,roaster,Karma Coffee,allowed,woocommerce,high,"~13 products linked on the 'Naša káva' page (no woocommerce-result-count, no pagination); includes a few teas",none specified,"https://www.karmacoffee.sk/nasa-kava/ (products live under /obchod/<slug>/, category also at /kategoria-produktu/nasa-kava/)",none found (no Sitemap: line in robots.txt; did not probe),primary
riksakava.sk,SK,roaster,Rikša Káva,allowed,woocommerce,high,"11 (""Zobrazuje sa všetkych 11 výsledkov"", single page, no pagination)",none,https://www.riksakava.sk/product-category/ponuka-kav/,https://www.riksakava.sk/product-sitemap.xml (from https://www.riksakava.sk/sitemap.xml — Yoast index; robots.txt itself lists no Sitemap),primary
bozinroastery.sk,SK,roaster,Bozin Roastery,allowed,woocommerce,high,"32 (""Zobrazených 1–12 z 32 výsledkov"", 12 per page, numbered page-numbers pagination)",none,https://www.bozinroastery.sk/kava/,https://www.bozinroastery.sk/sitemap.xml is a sitemap index (Google Sitemap Generator) including category and post/product sitemaps; no dedicated product XML/JSON feed found,primary
dobrakava.eu,SK,roaster,Dobrá Káva,allowed,custom,high,"~10-12 roasted coffees linked on the page (e.g. /dobrakava/brazil-barrique, /kava/prazena/columbo, /kava/prazena/dobrakava, /kava/prazena/ine subcategories); no numeric count label or pagination shown",none,https://www.dobrakava.eu/kava/prazena,none found (sitemap is a flat urlset; no product feed),primary
jagerkaffee.com,SK,roaster,Jager Kaffee,allowed,woocommerce,low,"13 product links on the page (no count label, no pagination; ""Zobraziť viac / Zobraziť menej"" toggle)",none,https://jagerkaffee.com/produkty,https://jagerkaffee.com/wp-sitemap-posts-product-1.xml (from https://jagerkaffee.com/wp-sitemap.xml),primary
doraz.sk,SK,roaster,Doraz Café & Roastery,allowed,woocommerce,high,"~17 distinct product URLs on the shop page (no count label visible; sub-categories /arabiky/, /blendy/, /limitovane-edicie/)",none,https://doraz.sk/obchod/,"https://doraz.sk/product-sitemap.xml (from https://doraz.sk/sitemap_index.xml, named in robots.txt); also a WooCommerce RSS feed exists at https://doraz.sk/obchod/feed/ (linked in the page, not fetched)",primary
kavaniro.sk,SK,roaster,Coffee Ni-Ro,no_robots,custom,high,"~28 product links on the single listing page (one page, no pagination; weight variants 250g/500g/1kg are separate products, so roughly 20 distinct coffees)",none (no robots.txt),https://www.kavaniro.sk/frontend/shop/articles (redirect target of the /frontend/shop/ hint),none found,primary
kavart.sk,SK,roaster,Kavart,allowed,custom,medium,"6 coffees (sk/kava/1- .. 6- : Brazil Santos, Kenya, Mexiko, Indonesia, Cuba Serrano, Čierne zlato); no pagination",none specified,https://www.kavart.sk/sk/kava/,sitemap declared (https://www.kavart.sk/sitemap.xml) but not fetched; no product feed found,primary
sucaroastery.sk,SK,roaster,Suca Roastery,partially_restricted,upgates,high,"34 distinct /p/ products on the espresso subcategory page (single page, no pagination); /kava itself lists 0 products directly",none specified,"https://www.sucaroastery.sk/zrnkova-kava-na-espresso (the hint URL /kava is a hub that lists only subcategories: Na espresso, Na filter, Bezkofeínová, Výberová, Kilové balenia, Co-fermented)",https://www.sucaroastery.sk/feed-rss.xml (RSS link found in the page head); sitemap declared at https://www.sucaroastery.sk/sitemap.xml (not fetched),primary
praziarenrydze.sk,SK,roaster,Pražiareň RÝDZE,partially_restricted,prestashop,high,"25 items in the category ('Zobrazuje sa 1-15 z 25 položiek'), 15 per page -> 2 pages",none specified,https://praziarenrydze.sk/12-prazenakava,none found - robots.txt declares no Sitemap: line and none was probed,primary
2aa.sk,SK,roaster,2A Roastery,partially_restricted,shopify,high,"8 coffees on /collections/kava (columbia-ceiba-honey, columbia-el-vergel-decaf, columbia-el-vergel-strawberry, costa-rica-mirazu-red-honey, el-salvador-santa-ana, espresso-zmes-dvojka/trojka/stvorka); no pagination controls, further coffees sit in the sub-collections Káva na espresso / na filter / do automatického kávovaru","none for User-agent: * ; Crawl-delay: 10 for AhrefsBot, AhrefsSiteAudit and MJ12bot, Crawl-delay: 1 for Pinterest",https://2aa.sk/collections/kava (www. redirects to apex),"sitemap declared at https://2aa.sk/sitemap.xml (Shopify auto-sitemap, not fetched); standard Shopify /products.json and /products/<slug>.js endpoints would exist but were not probed",primary
aurelica.coffee,SK,roaster,Aurelica,allowed,woocommerce,high,10 product links on the listing (6 current 2026 single-origin coffees + 3 older 2022 items + Nespresso capsules); no pagination,none,https://www.aurelica.coffee/product-category/kava/,https://www.aurelica.coffee/product-sitemap.xml (product URL sitemap; no price/attribute feed found),primary
tokycaffe.sk,SK,roaster,TOKY Caffé,allowed,woocommerce,high,"62 (""Zobrazených 1–20 z 62 výsledkov"", 4 pages of 20) — all shop items incl. accessories; ~22 product links on page 1",none,https://tokycaffe.sk/obchod/,https://tokycaffe.sk/sitemap_index.xml (Yoast index; contains product sitemap). No price feed found.,primary
ciernypeter.sk,SK,roaster,Čierny Peter,allowed,woocommerce,medium,"6 coffee products (bezkofeinova-kava, kava-brazilia, kava-eso-v-rukave, kava-india, kava-kena, kava-kolumbia); no pagination",none,https://ciernypeter.sk/produkty/,https://ciernypeter.sk/sitemaps.xml (URL sitemap named in robots.txt); no product/price feed found,primary
poetrycoffee.sk,SK,roaster,Poetry Coffee,allowed,woocommerce,high,"11 shop products, of which ~4 are coffees (brazilia, ethiopia, kolumbia, realpoet) plus chocolate-covered beans; rest are brewers/grinders. No pagination",none,https://poetrycoffee.sk/obchod/,https://poetrycoffee.sk/wp-sitemap.xml (core WP sitemap index; product URLs under wp-sitemap-posts-product-1.xml). No price feed found.,primary
viemcoffee.sk,SK,roaster,ViEM Coffee,no_robots,woocommerce,high,"6 (""Zobrazuje sa všetkych 6 výsledkov""): brazilia, espresso-blend, etiopia, kolumbia-huila-san-adolfo2, nikaragua, startovacia-zmes",none,https://www.viemcoffee.sk/obchod/,https://www.viemcoffee.sk/product-sitemap.xml (Rank Math product URL sitemap); no price feed found,primary
seriouscoffee.sk,SK,roaster,Serious Coffee,allowed,woocommerce,high,"7 (listing states ""Zobrazuje sa 7 výsledkov"", no pagination)",none,https://www.seriouscoffee.sk/e-shop/,https://www.seriouscoffee.sk/sitemap_index.xml (named in robots.txt; WP/Yoast index containing product sitemaps),primary
praziarenmiroma.sk,SK,roaster,Pražiareň Miroma,allowed,webnode,medium,"~13 single-origin coffees listed (Brazil, Colombia, Cuba, Ethiopia, Guatemala, República Dominicana, India, Mexico, Nicaragua, Peru, Salvador, Tanzánia) plus /kavove-zmesi/ blends and /specialy/; no count label or pagination — roughly 15–20 total",10,https://www.praziarenmiroma.sk/obchod/ (hub); single-origin listing at https://www.praziarenmiroma.sk/jedno-druhova/,"none found (robots.txt names https://praziarenmiroma.sk/sitemap.xml, a page sitemap, not a product feed; not fetched)",primary
kavavitazov.sk,SK,roaster,Victory – Káva víťazov,allowed,woocommerce,high,"~15 products linked from the shop page (bezkofeinova-decaf, blend-arabica, cowboy-blend, dominika-barahona, espresso-arabica, espresso-blend, kava-brazilia, darcekove-balenie, kava-kolumbia, kava-prazena-na-slovensku, papua-nova-guinea, prazena-kava-etiopia, prazena-kava-nikaragua, robusta-vietnam, tanzania-specialty-coffee); no pagination",none,https://kavavitazov.sk/obchod/,https://kavavitazov.sk/sitemap_index.xml (robots.txt); WooCommerce RSS at https://kavavitazov.sk/obchod/feed/ linked from the shop page,primary
prazenakava.sk,SK,roaster,Zvolenská pražiareň kávy,allowed,custom,high,"14 roasted-coffee SKUs = 7 coffees × 2 sizes (subcategory labels ""Pražená káva 250g (7)"" and ""Pražená káva 500g (7)""); plus a separate green-coffee category /eshop/surova-zelena-kava/c-4.xhtml",none,https://www.prazenakava.sk/eshop/prazena-zrnkova-kava/c-1.xhtml,none found (robots.txt is empty and names no sitemap; no feed link seen — no brute-forcing attempted),primary
ogodo.sk,SK,roaster,OGODO,allowed,custom,medium,"20 arabica products on the main listing (20 /e-shop/<id>/<slug>/ links, 20 ""kúpiť"" buttons), plus /e-shop/canephora/, /e-shop/zmesi/ (blends), /e-shop/oriesky/, /e-shop/ostatne/ — no pagination or count label",none,https://www.ogodo.sk/e-shop/ (redirects to https://www.ogodo.sk/e-shop/arabica/),"none found (robots.txt names no sitemap; not a Shoptet shop, so no sitemap.xml probe made)",primary
dibosco.sk,SK,roaster,DI BOSCo,partially_restricted,shoptet,high,"8 (""8 položiek celkom"" on the listing; 8 data-micro-product-id blocks, single page, no pagination)",none specified,https://www.dibosco.sk/kava/,https://www.dibosco.sk/sitemap.xml (declared in robots.txt; plain urlset of page URLs including product URLs — no separate XML product feed found without brute-forcing),primary
ameno.sk,SK,roaster,AMENO Coffee,allowed,woocommerce,low,"11 (""Zobrazuje sa všetkych 11 výsledkov""; homepage shows the same 11 /produkt/ URLs, no pagination)",none specified,https://www.ameno.sk/obchod/,"https://www.ameno.sk/obchod/feed/ (WordPress RSS feed for the shop, linked in page head); also /feed/ and /wp-json/ are linked. No sitemap referenced in robots.txt.",primary
kavoholik.sk,SK,eshop,Kávoholik,partially_restricted,prestashop,high,"65 (""65 produktov"" / ""Zobrazuje sa 1-20 z 65 položiek"", 4 pages of 20)",none specified,https://kavoholik.sk/750-cerstvo-prazena-zrnkova-kava,none found (robots.txt names no Sitemap; no feed URL probed — PrestaShop sitemap not brute-forced),primary
kava.cz,CZ,eshop,KAVA.CZ,partially_restricted,shoptet,medium,"449 (""449 položek celkem"", ""Stránka 1 z 38"", 12 products rendered per initial page block)",none specified,https://www.kava.cz/zrnkova-kava/,https://www.kava.cz/sitemap.xml (declared in robots.txt; single urlset of brand/category/product URLs — no separate XML product feed found; /export/ where Shoptet feeds normally live is Disallowed),primary
zrnkovakava.cz,CZ,eshop,Zrnkovakava.cz,no_robots,custom,unknown,0,n/a,none — no coffee category exists,none found,primary
ceskakava.cz,CZ,eshop,Česká káva,allowed,custom,unknown,0,none,none — no coffee category exists,none found,primary
kavi.cz,CZ,eshop,KAVI (kávové předplatné),no_robots,custom,high,12 distinct products linked on /produkty (small curated subscription catalogue; coffee-of-the-month model),none (no robots.txt),https://kavi.cz/produkty (subcategories via ?category=espresso|filter|decaf),"none found (no robots.txt, no sitemap reference discovered; did not brute-force)",primary
vito-grande.cz,CZ,eshop,Vito Grande,partially_restricted,custom,low,2 (only '100% Robusta Vito Grande zrnková káva 1000 g' and 'Omkafe Platino zrnková káva 1000 g'; no pagination),none,https://www.vito-grande.cz/zrnkova-kava/,none found — robots.txt names no Sitemap and no XML sitemap was discovered (only the HTML /mapa-stranek/); not brute-forced,primary
kavomil.sk,SK,eshop,Kavomil / Nômad Roastery,partially_restricted,shoptet,high,~25 ('Zobrazených položiek: 25' on the category page; roastery Nômad own-roast range plus sets),none specified,https://www.kavomil.sk/prazena-kava/,"https://www.kavomil.sk/sitemap.xml (flat urlset listing brand/category/product URLs). Note robots disallows /export/, which is where Shoptet's XML product feeds normally live — so the feeds are explicitly off-limits; use the sitemap instead.",primary
xcoffee.sk,SK,multi-brand-retailer,XCOFFEE.sk,partially_restricted,upgates,low,"35 product tiles on the /znackova-kava page with no pagination links; the site is a multi-brand retailer with ~70 coffee brand subcategories (Lavazza, Illy, Kimbo, Segafredo, Barbera, ...), so total coffee SKUs are in the hundreds across brand subcategories",none,https://www.xcoffee.sk/znackova-kava,"https://www.xcoffee.sk/sitemap-products.xml.gz (gzipped product sitemap, referenced from the sitemap index at /sitemap.xml; lastmod 2026-09-12)",primary
kavicka.sk,SK,multi-brand-retailer,Kávička.sk,partially_restricted,shoptet,high,"24 (listing footer: ""Stránka 1 z 1 - 24 položiek celkom"") in the fresh-roasted category; whole shop much larger",none specified,https://www.kavicka.sk/cerstvo-prazena-kava/,https://www.kavicka.sk/sitemap.xml (plain urlset with category/brand/product URLs; no public XML product feed found — Shoptet feeds live under the disallowed /export/ path),primary
ekavickar.sk,SK,multi-brand-retailer,eKávičkár.sk,allowed,custom,low,"20 products per page in the JSON-LD ItemList; no total-count label exposed on the page, so category total unknown (likely low hundreds across pages)",none specified,https://www.ekavickar.sk/kava-zrnkova/,https://www.ekavickar.sk/sitemap.xml (named in robots.txt; not fetched). No XML/JSON product feed found.,primary
domkavy.sk,SK,multi-brand-retailer,Dom Kávy,partially_restricted,shoptet,medium,"~6 pagination pages (/strana-2/ … /strana-6/), page label ""Zobrazených položiek: 66"" → roughly 150-400 coffee SKUs",none specified,https://www.domkavy.sk/kava/,https://www.domkavy.sk/sitemap.xml (declared in robots.txt). No open XML product feed; Shoptet feeds sit under the disallowed /export/.,primary
gourmetkava.cz,CZ,multi-brand-retailer,GourmetKava,partially_restricted,prestashop,high,"117 (""Zobrazení 1-36 z 117 položek"", 4 pages at 36/page)",none specified,https://www.gourmetkava.cz/cerstve-prazena-kava-13pk (redirects to https://www.gourmetkava.cz/cs/kava-13pk),Sitemap index https://www.gourmetkava.cz/1_index_sitemap.xml → per-language sitemaps (1_cs_0_sitemap.xml etc.) containing product URLs. No dedicated XML/JSON product feed exposed.,primary
kafista.cz,CZ,multi-brand-retailer,Kafista,partially_restricted,shoptet,high,"~200 (9 pagination pages at ~22-24 products per page in /kava/); sub-categories include /kava-na-espresso/, /kava-na-filtr/, /kava-kafista/, /kavove-kapsle/",none specified,https://www.kafista.cz/kava/,https://www.kafista.cz/sitemap.xml (declared in robots.txt). No open XML product feed; Shoptet feeds are under the disallowed /export/.,primary
coffeetrip.cz,CZ,multi-brand-retailer,CoffeeTrip,allowed,upgates,high,~30 (30 product tiles on the single /kava page; no pagination block rendered),none,https://www.coffeetrip.cz/kava,https://www.coffeetrip.cz/sitemap.xml (declared in robots.txt; not fetched),primary
esprego.cz,CZ,multi-brand-retailer,ESPREGO,allowed,upgates,medium,"~22 on /specialty-kava (22 product tiles, no pagination); the wider /zrnkova-kava tree is larger (many brand subcategories: Lavazza, illy, Bazzara, Amigos…)",none,https://www.esprego.cz/specialty-kava (whole-bean umbrella category also at https://www.esprego.cz/zrnkova-kava),https://www.esprego.cz/sitemap.xml (declared in robots.txt; not fetched),primary
kava.eu,SK,multi-brand-retailer,KAVA.eu,allowed,upgates,low,~26 tiles rendered on the branded-coffee landing page; no pagination markup on that page — the real catalogue is split across brand/type subcategories and is much larger (site brands itself 'Najväčší eshop s kávou'),none,https://www.kava.eu/znackova-kava (https://www.kava.eu/kava redirects here),https://www.kava.eu/sitemap.xml (declared in robots.txt; not fetched),primary
kofi.sk,SK,multi-brand-retailer,KOFI,partially_restricted,shoptet,high,"~60-90 (46 product tiles on page 1; 'Nachádzate sa na strane 1 z 2', next page /kava/strana-2/)",none,https://www.kofi.sk/kava/,"https://www.kofi.sk/sitemap.xml → sitemap index pointing to https://www.kofi.sk/sitemaps/sitemap0.xml.gz. Note robots.txt disallows /export/, where Shoptet XML feeds normally live.",primary
kavashop.sk,SK,multi-brand-retailer,Káva Shop.sk,allowed,other/unknown,medium,~100-150 (77 product links on page 1; pagination shows a second page via ?page=1),none,https://www.kavashop.sk/kava-zrnkova,"https://www.kavashop.sk/sitemap.xml (found by the single allowed extra request; plain urlset of page URLs, not in robots.txt)",primary
imperialcoffee.sk,SK,multi-brand-retailer,Imperial Coffee,partially_restricted,eshop-rychle,low,"~29 on page 1 (JSON-LD ItemList numberOfItems:29); a page=2 link exists, so roughly 30-60 in the category",2,https://www.imperialcoffee.sk/zrnkova-kava-komplet,"none found (only https://www.imperialcoffee.sk/sitemap.xml, a flat URL list including product URLs)",primary
popradske.sk,SK,multi-brand-retailer,Popradské (Popradská káva),allowed,custom,high,~17 product links rendered on the category page; no numeric count label and no pagination links in HTML (likely lazy/ajax load-more),none specified,https://www.popradske.sk/vyberova-kava/,none found beyond https://www.popradske.sk/sitemap.xml (+ image/video sitemaps named in robots.txt),primary
kavickari.sk,SK,review-site,Kávičkári.sk,allowed,woocommerce,low,0 products — no /produkt/ or /shop/ URLs on the site; the page is a filterable directory of Slovak roasteries by region,none specified,"https://kavickari.sk/zoznam-praziarni/ (roastery directory, not a product listing)",none found for products; https://kavickari.sk/sitemap_index.xml and an RSS feed at https://kavickari.sk/feed/ exist for editorial content,enrichment
kavovelisty.cz,CZ,review-site,Kávové listy,allowed,custom,low,"catalogue sidebar counts: Zrnková káva 54, 100% arabika 26, Robusta 1, Směsi arabiky a robusty 10, Aromatizovaná káva 1, Mletá káva 12, Instantní 2, Bezkofeinová 10 — i.e. roughly 50-90 coffee entries",none specified,https://www.kavovelisty.cz/kava/ (review index hint: https://www.kavovelisty.cz/recenze/),none found (only https://www.kavovelisty.cz/sitemap.xml),enrichment
standartmag.com,SK,review-site,Standart Magazine,partially_restricted,shopify,low,"59 products ('59 products' label on /collections/all); 37 distinct /products/ URLs on page 1 with a page=2 link. Catalogue is magazine issues, bundles and subscriptions — not coffee beans.",none specified,https://standartmag.com/collections/all,https://standartmag.com/sitemap.xml (standard Shopify sitemap index with sitemap_products_*.xml); machine-readable catalogue also offered via UCP/MCP at https://standartmag.com/api/ucp/mcp and Shopify's /products.json convention (not requested),enrichment
hittest.sk,SK,review-site,HitTest,allowed,other/unknown,low,"~14 ranked entries on the single /kavy/ article (TOP 1–TOP n tables across sub-sections: zrnková, mletá, pražená, instantná)",none,https://www.hittest.sk/kavy/,"none found (only the Yoast sitemap index https://www.hittest.sk/sitemap_index.xml, no product post type)",enrichment
arecenze.cz,CZ,review-site,aRecenze,partially_restricted,woocommerce,low,"~0 listed products — /kavy/ is a buying guide; only a handful of named coffees appear inside prose and in the moderated comment replies (e.g. Cafédirect Machu Picchu Arabica, Little's Irish Cream)",none,https://www.arecenze.cz/kavy/,none found (sitemap index only; note the robots Sitemap line has a trailing slash: https://www.arecenze.cz/sitemap_index.xml/),enrichment
blogokave.sk,SK,directory,Blog o káve – Pražiarne kávy,allowed,woocommerce,low,"~135 roasteries listed (count of ""Web:"" entries on the single directory page), grouped by city; site claims ""viac ako 100 pražiarní"" on Slovakia",none,https://blogokave.sk/praziarne-kavy/,none found (Yoast sitemap index only: https://blogokave.sk/sitemap_index.xml),enrichment
kafe-blog.cz,CZ,directory,Kafe-blog — Seznam pražíren,allowed,woocommerce,medium,"Listing label says ""Zobrazen 1. – 16. z 20 výsledků"" with /prazirny/page/2/ — i.e. 20 items in this view; the broader product catalogue (product-sitemap.xml, lastmod 2026-08-08) is the authoritative count",none,https://kafe-blog.cz/prazirny/,https://kafe-blog.cz/product-sitemap.xml (WooCommerce products via Yoast; also https://kafe-blog.cz/product_cat-sitemap.xml for the category taxonomy). No XML/CSV merchant feed found and none brute-forced.,enrichment
blogokave.cz,CZ,directory,Blog o kávě — Pražírny kávy v ČR,allowed,woocommerce,low,"~221 roasteries listed (count of ""Web:"" entries on the single directory page), grouped by city",none,https://blogokave.cz/prazirny-kavy-v-ceske-republice/,none found (Yoast sitemap index only: https://blogokave.cz/sitemap_index.xml),enrichment
kavaspojuje.cz,CZ,directory,Káva spojuje,allowed,custom,low,"189 roasteries (JSON-LD ""numberOfItems"":189)",none,https://kavaspojuje.cz/mapa-praziren,none found (sitemap.xml lists pages/articles only; also a feed.xml RSS of articles and an llms.txt summary),enrichment
homebarista.sk,SK,directory,HomeBARISTA,allowed,opencart,low,0 on homebarista.sk itself (content pages only); product catalogue is off-domain,none,"none on this domain — nav ""Shop"" points off-domain to https://shop.homebarista.sk (e.g. http://shop.homebarista.sk/index.php?route=product/category&path=64)",none found (no Sitemap: line in robots.txt; WordPress RSS feeds exist at /feed/ and /comments/feed/),enrichment
praguecoffeefestival.cz,CZ,directory,Prague Coffee Festival,allowed,custom,low,"0 (no product or roastery listing pages; the cafe ""book"" mentions 40+ cafes but only in prose)",none,"none — the site has no coffee listing; closest pages are /filtruj (festival info) and /kniha-kavaren (printed cafe book, sold out)",none found (no Sitemap: line in robots.txt),enrichment
blackcheckguide.com,SK,directory,BLACK_CHECK Guide,allowed,other/unknown,low,"~120 roasteries on a single listing page (120 views-row elements; no visible pager links, listing appears unpaginated)",none (no Crawl-delay line),https://www.blackcheckguide.com/sk/praziarne,none found (no Sitemap: line in robots.txt; no sitemap discovered without brute-forcing),enrichment
heureka.sk,SK,aggregator,Heureka.sk – Zrnková káva,partially_restricted,custom,unknown,unknown — category page not retrievable,"none for User-agent: * (Yandex 20, AhrefsBot 30, MJ12Bot 60)",https://zrnkova-kava.heureka.sk/,Sitemap index https://www.heureka.sk/sitemaps/sitemap_index.xml is declared (not fetched). Note robots explicitly disallows /unsecured-data-feeds/ and /unsecured-data-feeds/*.xml$,out-of-scope
heureka.cz,CZ,aggregator,Heureka — Zrnková káva,partially_restricted,custom,unknown,unknown — page not retrievable (Cloudflare challenge),none for User-agent: * (Yandex: Crawl-delay: 20; AhrefsBot: 30; MJ12Bot: 60),https://zrnkova-kava.heureka.cz/,https://www.heureka.cz/sitemaps/sitemap_index.xml (robots also disallows /unsecured-data-feeds/),out-of-scope
zbozi.cz,CZ,aggregator,Zboží.cz,partially_restricted,custom,unknown,unknown — server returned only a JS shell,none,https://www.zbozi.cz/potraviny-a-napoje/napoje/nealkoholicke-napoje/horke-napoje/kava-a-kavove-kapsle/kava/,https://zbozi.cz/sitemap/index.xml (robots explicitly Allows /api/ and /api/*?*&*&*),out-of-scope
pricemania.sk,SK,aggregator,Pricemania,partially_restricted,custom,low,"~907 (meta description: ""...recenzie a hodnotenia 907 produktov na Pricemanii...""); 21 products in the JSON-LD ItemList on page 1",none,https://www.pricemania.sk/zrnkova-kava/,"no product feed as such; per-category sitemaps, relevant one https://www.pricemania.sk/sitemaps/sk.potraviny-a-napoje.xml, plus https://www.pricemania.sk/sitemaps/sk.product-images.xml",out-of-scope
kofio.co,CZ,marketplace,Kofio,allowed,custom,high,"~315-336 — 24 products per page, last-page link is ?s=312 (offset), i.e. 14 pages",none,https://www.kofio.co/coffee,none found (https://www.kofio.co/sitemap.xml returns HTTP 404 as an HTML page; robots.txt lists no Sitemap),primary
rohlik.cz,CZ,marketplace,Rohlik.cz — Zrnková káva,allowed,custom,low,"161 (""productsCount"":161 in the embedded Next.js data)",none for User-agent: * (AhrefsBot: Crawl-Delay: 20; YandexBot: Crawl-Delay: 20),https://www.rohlik.cz/c300123008-zrnkova-kava,https://www.rohlik.cz/sitemap.xml (only feed named),out-of-scope
alza.cz,CZ,marketplace,Alza.cz — Zrnková káva,unreachable,custom,unknown,"unknown — category page returned HTTP 403 (Cloudflare captcha interstitial, 65 KB challenge HTML)",unknown (robots.txt not retrievable),https://www.alza.cz/nejprodavanejsi-nejlepsi-zrnkova-kava/18862971.htm,none found (robots.txt unreadable; no sitemap probing possible),out-of-scope
alza.sk,SK,marketplace,Alza.sk,unreachable,custom,unknown,unknown — category page returned HTTP 403 (65 KB Cloudflare captcha HTML),unknown (robots.txt not retrievable),https://www.alza.sk/vyberova-kava/18891849.htm,none found (robots.txt unreadable; no sitemap probing possible),out-of-scope
allegro.cz,CZ,marketplace,Allegro.cz,partially_restricted,custom,unknown,"unknown — category page returned HTTP 403 (DataDome challenge, 778-byte ""Please enable JS and disable any ad blocker"" body)",no Crawl-delay directive present for User-agent: *,https://allegro.cz/kategorie/kava-zrnkova-kava-74035,"none found — robots.txt names no Sitemap:, and no feed URL was discovered (no brute-forcing done)",out-of-scope
